{
  "Net_Migration": 0.502904,
  "Mean_Temp": 0.300038,
  "CPI_Food": 0.14102,
  "AISH_TOTAL": 0.056038
}