{
  "LBS_Out_lag4": 0.081959,
  "LBS_Out_lag2": 0.076174,
  "net_lag1": 0.060802,
  "net_acceleration": 0.053595,
  "LBS_Out_lag1": 0.053429,
  "demand_supply_ratio": 0.049911,
  "pressure_index": 0.044876,
  "net_delta": 0.04345,
  "net_3mo_avg": 0.042951,
  "net_lag2": 0.040941,
  "net_lag6": 0.040648,
  "LBS_In_lag3": 0.03976,
  "net_lag5": 0.038581,
  "out_momentum": 0.032928,
  "net_lag4": 0.03066,
  "LBS_In_lag4": 0.027898,
  "LBS_In_lag2": 0.027241,
  "net_3mo_std": 0.023403,
  "LBS_Out_lag6": 0.021819,
  "LBS_Out_lag5": 0.020348,
  "net_6mo_std": 0.0203,
  "net_6mo_avg": 0.018696,
  "month_cos": 0.016958,
  "LBS_In_lag6": 0.016338,
  "in_momentum": 0.016248,
  "LBS_In_lag1": 0.015405,
  "net_lag3": 0.013567,
  "month_sin": 0.01277,
  "forecast_uncertainty": 0.008912,
  "LBS_In_lag5": 0.004892,
  "deficit_streak": 0.002983,
  "LBS_Out_lag3": 0.001557
}