{
  "net_3mo_avg": 0.067388,
  "LBS_Out_lag1": 0.066526,
  "LBS_In_lag6": 0.066391,
  "net_lag2": 0.059783,
  "in_momentum": 0.057875,
  "LBS_In_lag3": 0.054099,
  "net_lag4": 0.053886,
  "net_acceleration": 0.050954,
  "net_lag1": 0.046412,
  "net_lag3": 0.041571,
  "net_lag5": 0.038239,
  "LBS_Out_lag5": 0.037974,
  "LBS_Out_lag4": 0.035562,
  "LBS_Out_lag2": 0.028511,
  "LBS_Out_lag6": 0.028116,
  "net_lag6": 0.028089,
  "net_6mo_avg": 0.027019,
  "net_delta": 0.026342,
  "forecast_uncertainty": 0.025707,
  "deficit_streak": 0.024767,
  "LBS_Out_lag3": 0.024623,
  "net_3mo_std": 0.020239,
  "pressure_index": 0.016636,
  "LBS_In_lag2": 0.014684,
  "net_6mo_std": 0.014075,
  "LBS_In_lag1": 0.011787,
  "out_momentum": 0.010263,
  "LBS_In_lag4": 0.010248,
  "month_cos": 0.00621,
  "month_sin": 0.005008,
  "demand_supply_ratio": 0.001016,
  "LBS_In_lag5": 0.0
}