{
  "in": {
    "mae": 60266.0,
    "rmse": 72327.0,
    "r2": 0.1327,
    "smape": 25.4,
    "rel_mae_pct": 27.2,
    "mean_actual": 241687.0,
    "n_test": 10,
    "granularity": "monthly"
  },
  "out": {
    "mae": 133341.0,
    "rmse": 159540.0,
    "r2": -2.2898,
    "smape": 49.5,
    "rel_mae_pct": 38.0,
    "mean_actual": 313615.0,
    "n_test": 10,
    "granularity": "monthly"
  },
  "ensemble": {
    "train_acc": 0.6428571428571429,
    "val_acc": 0.8,
    "train_f1": 0.782608695652174,
    "val_f1": 0.8888888888888888,
    "val_recall": 1.0,
    "auc": 0.875
  }
}